capacity,fitness,generation
9294.117647058823,16495.11685446395,0
5094.117647058823,11481.446477895202,0
1847.0588235294117,79.86420305407816,0
5764.705882352941,5378.019666605698,0
8835.29411764706,15816.867302674265,0
1564.7058823529412,16.077058216954605,0
6823.529411764706,3287.021600642704,0
3964.705882352941,2856.440317690584,0
8164.705882352941,4345.906000733342,0
1564.7058823529412,16.077058216954605,0
3576.470588235294,4759.600201608519,0
8376.470588235294,7036.137678802145,0
3400.0,7103.936324520941,0
7494.117647058823,12271.762132649956,0
1811.764705882353,70.52151937623691,0
1741.1764705882351,39.15672998093814,0
6082.35294117647,5763.290095890243,0
9258.823529411764,21683.072966755117,0
3294.1176470588234,3000.3187865694604,0
6047.058823529412,3411.53353435852,0
6823.529411764706,3287.021600642704,0
2835.2941176470586,3225.2343954886355,0
1741.1764705882351,39.15672998093814,0
2694.1176470588234,3149.1524876240696,0
5164.705882352941,14881.5442590549,0
4952.941176470588,7606.4675722958955,0
1741.1764705882351,39.15672998093814,0
6576.470588235294,6945.2654363288175,0
3294.1176470588234,3000.3187865694604,0
1811.764705882353,70.52151937623691,0
3576.470588235294,4759.600201608519,0
1741.1764705882351,39.15672998093814,0
6576.470588235294,6945.2654363288175,1
3964.705882352941,2856.440317690584,1
5800.0,6436.084336519459,1
1811.764705882353,70.52151937623691,1
1811.764705882353,70.52151937623691,1
1847.0588235294117,79.86420305407816,1
1847.0588235294117,79.86420305407816,1
1741.1764705882351,39.15672998093814,1
2870.5882352941176,5066.8773759367205,1
1705.8823529411766,32.436601441682534,1
7564.705882352941,5649.185437810792,1
1564.7058823529412,16.077058216954605,1
1741.1764705882351,39.15672998093814,1
3964.705882352941,2856.440317690584,1
2870.5882352941176,5066.8773759367205,1
4141.176470588235,5928.93509108862,1
8376.470588235294,7036.137678802145,1
1141.1764705882354,5.403441594683858,1
1741.1764705882351,39.15672998093814,1
4035.294117647059,4175.4670473287615,1
3223.529411764706,3109.77004207099,1
3964.705882352941,2856.440317690584,1
5941.176470588235,7124.875486464971,1
1670.5882352941176,24.10944973703628,1
1811.764705882353,70.52151937623691,1
5764.705882352941,5378.019666605698,1
6223.529411764706,14791.771520528651,1
7317.64705882353,7011.12865039988,1
2023.5294117647059,1081.6842073964704,1
1741.1764705882351,39.15672998093814,1
1741.1764705882351,39.15672998093814,1
3964.705882352941,2856.440317690584,1
1600.0,19.17751123716993,2
3964.705882352941,2856.440317690584,2
1670.5882352941176,24.10944973703628,2
3964.705882352941,2856.440317690584,2
1670.5882352941176,24.10944973703628,2
3929.4117647058824,3662.7599203286386,2
1000.0,4.024367999928534,2
1176.4705882352941,6.003706171897983,2
1741.1764705882351,39.15672998093814,2
1141.1764705882354,5.403441594683858,2
1811.764705882353,70.52151937623691,2
1811.764705882353,70.52151937623691,2
1564.7058823529412,16.077058216954605,2
4000.0,4832.721775290224,2
1741.1764705882351,39.15672998093814,2
3964.705882352941,2856.440317690584,2
3223.529411764706,3109.77004207099,2
6152.941176470588,26543.02020995744,2
2694.1176470588234,3149.1524876240696,2
1741.1764705882351,39.15672998093814,2
1741.1764705882351,39.15672998093814,2
3223.529411764706,3109.77004207099,2
2023.5294117647059,1081.6842073964704,2
1811.764705882353,70.52151937623691,2
1811.764705882353,70.52151937623691,2
1741.1764705882351,39.15672998093814,2
3964.705882352941,2856.440317690584,2
1741.1764705882351,39.15672998093814,2
1847.0588235294117,79.86420305407816,2
1847.0588235294117,79.86420305407816,2
4035.294117647059,4175.4670473287615,2
1141.1764705882354,5.403441594683858,2
1670.5882352941176,24.10944973703628,3
1811.764705882353,70.52151937623691,3
1705.8823529411766,32.436601441682534,3
1176.4705882352941,6.003706171897983,3
1176.4705882352941,6.003706171897983,3
1705.8823529411766,32.436601441682534,3
1176.4705882352941,6.003706171897983,3
1141.1764705882354,5.403441594683858,3
1705.8823529411766,32.436601441682534,3
1882.3529411764707,157.65128326860662,3
1741.1764705882351,39.15672998093814,3
1141.1764705882354,5.403441594683858,3
1741.1764705882351,39.15672998093814,3
1600.0,19.17751123716993,3
4070.5882352941176,4301.345626345803,3
1705.8823529411766,32.436601441682534,3
1741.1764705882351,39.15672998093814,3
1705.8823529411766,32.436601441682534,3
2764.7058823529414,2427.5255107231947,3
1600.0,19.17751123716993,3
1000.0,4.024367999928534,3
1741.1764705882351,39.15672998093814,3
1847.0588235294117,79.86420305407816,3
1141.1764705882354,5.403441594683858,3
1564.7058823529412,16.077058216954605,3
1670.5882352941176,24.10944973703628,3
1882.3529411764707,157.65128326860662,3
2905.8823529411766,2498.6713101404835,3
1176.4705882352941,6.003706171897983,3
1705.8823529411766,32.436601441682534,3
3964.705882352941,2856.440317690584,3
1564.7058823529412,16.077058216954605,3
1600.0,19.17751123716993,4
2905.8823529411766,2498.6713101404835,4
3929.4117647058824,3662.7599203286386,4
1670.5882352941176,24.10944973703628,4
6223.529411764706,14791.771520528651,4
1882.3529411764707,157.65128326860662,4
1705.8823529411766,32.436601441682534,4
1741.1764705882351,39.15672998093814,4
1741.1764705882351,39.15672998093814,4
1176.4705882352941,6.003706171897983,4
1600.0,19.17751123716993,4
1670.5882352941176,24.10944973703628,4
1600.0,19.17751123716993,4
1882.3529411764707,157.65128326860662,4
1035.2941176470588,4.287239254153136,4
1705.8823529411766,32.436601441682534,4
1000.0,4.024367999928534,4
1000.0,4.024367999928534,4
1670.5882352941176,24.10944973703628,4
1564.7058823529412,16.077058216954605,4
1141.1764705882354,5.403441594683858,4
1564.7058823529412,16.077058216954605,4
6188.235294117647,4166.999191365108,4
1141.1764705882354,5.403441594683858,4
1176.4705882352941,6.003706171897983,4
1176.4705882352941,6.003706171897983,4
1176.4705882352941,6.003706171897983,4
1635.2941176470588,21.593004718589807,4
1600.0,19.17751123716993,4
1670.5882352941176,24.10944973703628,4
1741.1764705882351,39.15672998093814,4
1141.1764705882354,5.403441594683858,4
1141.1764705882354,5.403441594683858,5
1176.4705882352941,6.003706171897983,5
1564.7058823529412,16.077058216954605,5
1000.0,4.024367999928534,5
1176.4705882352941,6.003706171897983,5
1600.0,19.17751123716993,5
1600.0,19.17751123716993,5
1141.1764705882354,5.403441594683858,5
1000.0,4.024367999928534,5
6117.64705882353,17753.304246639203,5
1000.0,4.024367999928534,5
1705.8823529411766,32.436601441682534,5
1670.5882352941176,24.10944973703628,5
1670.5882352941176,24.10944973703628,5
1564.7058823529412,16.077058216954605,5
1564.7058823529412,16.077058216954605,5
1600.0,19.17751123716993,5
1000.0,4.024367999928534,5
3964.705882352941,2856.440317690584,5
1176.4705882352941,6.003706171897983,5
1000.0,4.024367999928534,5
4000.0,4832.721775290224,5
1705.8823529411766,32.436601441682534,5
1705.8823529411766,32.436601441682534,5
1670.5882352941176,24.10944973703628,5
1600.0,19.17751123716993,5
2129.4117647058824,763.6194944998597,5
1741.1764705882351,39.15672998093814,5
1882.3529411764707,157.65128326860662,5
1600.0,19.17751123716993,5
1176.4705882352941,6.003706171897983,5
6576.470588235294,6945.2654363288175,5
1635.2941176470588,21.593004718589807,6
1176.4705882352941,6.003706171897983,6
1564.7058823529412,16.077058216954605,6
1670.5882352941176,24.10944973703628,6
1000.0,4.024367999928534,6
5764.705882352941,5378.019666605698,6
1564.7058823529412,16.077058216954605,6
1035.2941176470588,4.287239254153136,6
1035.2941176470588,4.287239254153136,6
1141.1764705882354,5.403441594683858,6
1741.1764705882351,39.15672998093814,6
1176.4705882352941,6.003706171897983,6
1000.0,4.024367999928534,6
1000.0,4.024367999928534,6
1035.2941176470588,4.287239254153136,6
1564.7058823529412,16.077058216954605,6
1741.1764705882351,39.15672998093814,6
1141.1764705882354,5.403441594683858,6
1141.1764705882354,5.403441594683858,6
2270.5882352941176,2971.469793096937,6
1176.4705882352941,6.003706171897983,6
1000.0,4.024367999928534,6
1670.5882352941176,24.10944973703628,6
1000.0,4.024367999928534,6
1600.0,19.17751123716993,6
1600.0,19.17751123716993,6
2164.7058823529414,3183.5470212121677,6
1564.7058823529412,16.077058216954605,6
1705.8823529411766,32.436601441682534,6
1000.0,4.024367999928534,6
1000.0,4.024367999928534,6
1564.7058823529412,16.077058216954605,6
1141.1764705882354,5.403441594683858,7
1035.2941176470588,4.287239254153136,7
1000.0,4.024367999928534,7
1141.1764705882354,5.403441594683858,7
1000.0,4.024367999928534,7
1705.8823529411766,32.436601441682534,7
1000.0,4.024367999928534,7
1000.0,4.024367999928534,7
1176.4705882352941,6.003706171897983,7
1000.0,4.024367999928534,7
3435.294117647059,4010.129877080812,7
1035.2941176470588,4.287239254153136,7
3258.823529411765,3749.987407182976,7
1035.2941176470588,4.287239254153136,7
1000.0,4.024367999928534,7
1000.0,4.024367999928534,7
1000.0,4.024367999928534,7
1000.0,4.024367999928534,7
1141.1764705882354,5.403441594683858,7
1035.2941176470588,4.287239254153136,7
1670.5882352941176,24.10944973703628,7
1141.1764705882354,5.403441594683858,7
2447.0588235294117,5382.697812136516,7
1000.0,4.024367999928534,7
1176.4705882352941,6.003706171897983,7
1000.0,4.024367999928534,7
1000.0,4.024367999928534,7
1564.7058823529412,16.077058216954605,7
1141.1764705882354,5.403441594683858,7
1176.4705882352941,6.003706171897983,7
1141.1764705882354,5.403441594683858,7
1600.0,19.17751123716993,7
1035.2941176470588,4.287239254153136,8
3258.823529411765,3749.987407182976,8
1000.0,4.024367999928534,8
1141.1764705882354,5.403441594683858,8
1000.0,4.024367999928534,8
1176.4705882352941,6.003706171897983,8
1070.5882352941176,4.600656093703514,8
1176.4705882352941,6.003706171897983,8
1035.2941176470588,4.287239254153136,8
1000.0,4.024367999928534,8
1000.0,4.024367999928534,8
1000.0,4.024367999928534,8
1000.0,4.024367999928534,8
1000.0,4.024367999928534,8
1000.0,4.024367999928534,8
1000.0,4.024367999928534,8
1000.0,4.024367999928534,8
1000.0,4.024367999928534,8
1000.0,4.024367999928534,8
1705.8823529411766,32.436601441682534,8
1141.1764705882354,5.403441594683858,8
1000.0,4.024367999928534,8
1141.1764705882354,5.403441594683858,8
1000.0,4.024367999928534,8
1000.0,4.024367999928534,8
1000.0,4.024367999928534,8
1000.0,4.024367999928534,8
1141.1764705882354,5.403441594683858,8
1000.0,4.024367999928534,8
1000.0,4.024367999928534,8
1000.0,4.024367999928534,8
1035.2941176470588,4.287239254153136,8
1000.0,4.024367999928534,9
1000.0,4.024367999928534,9
1070.5882352941176,4.600656093703514,9
2129.4117647058824,763.6194944998597,9
1000.0,4.024367999928534,9
1000.0,4.024367999928534,9
1000.0,4.024367999928534,9
1000.0,4.024367999928534,9
1000.0,4.024367999928534,9
1000.0,4.024367999928534,9
1000.0,4.024367999928534,9
1070.5882352941176,4.600656093703514,9
1000.0,4.024367999928534,9
1000.0,4.024367999928534,9
1000.0,4.024367999928534,9
5517.64705882353,5880.73257145777,9
1000.0,4.024367999928534,9
1000.0,4.024367999928534,9
1000.0,4.024367999928534,9
1000.0,4.024367999928534,9
1035.2941176470588,4.287239254153136,9
1000.0,4.024367999928534,9
5552.941176470588,6408.671505177863,9
1000.0,4.024367999928534,9
1000.0,4.024367999928534,9
5517.64705882353,5880.73257145777,9
1070.5882352941176,4.600656093703514,9
1282.3529411764707,7.402270579089838,9
1000.0,4.024367999928534,9
1000.0,4.024367999928534,9
1000.0,4.024367999928534,9
1035.2941176470588,4.287239254153136,9
4035.294117647059,4175.4670473287615,9
5552.941176470588,6408.671505177863,9
9576.470588235294,20019.66790751742,9
8129.411764705882,4736.584227279557,9
2517.6470588235297,2557.1036501976464,9
5694.117647058823,4193.0037105279025,9
1000.0,4.024367999928534,9
3858.823529411765,4794.209248183667,9
5058.823529411765,4558.8594913299985,9
7070.588235294118,8696.251514736736,9
6682.35294117647,11878.161030101075,9
6647.058823529412,16797.334121875585,9
3964.705882352941,2856.440317690584,9
6082.35294117647,5763.290095890243,9
1388.235294117647,9.689971291599207,9
9047.058823529413,15344.704359485535,9
2976.470588235294,4675.183406904319,9
9117.64705882353,14516.334531661469,9
6294.117647058823,19287.884340208187,9
8694.117647058823,16394.273816262536,9
2976.470588235294,4675.183406904319,9
8200.0,4345.922376670158,9
9470.588235294117,22551.533276466056,9
6752.941176470588,20412.866009065852,9
8058.823529411765,4791.5771526055205,10
3117.6470588235293,5673.342784816511,10
1000.0,4.024367999928534,10
1000.0,4.024367999928534,10
7776.470588235294,9433.442787504382,10
5517.64705882353,5880.73257145777,10
5058.823529411765,4558.8594913299985,10
3858.823529411765,4794.209248183667,10
8129.411764705882,4736.584227279557,10
8129.411764705882,4736.584227279557,10
6082.35294117647,5763.290095890243,10
1000.0,4.024367999928534,10
1423.5294117647059,10.32313595314939,10
7776.470588235294,9433.442787504382,10
5552.941176470588,6408.671505177863,10
1141.1764705882354,5.403441594683858,10
1423.5294117647059,10.32313595314939,10
5517.64705882353,5880.73257145777,10
2270.5882352941176,2971.469793096937,10
9752.941176470587,53567.99062262667,10
2976.470588235294,4675.183406904319,10
1000.0,4.024367999928534,10
3964.705882352941,2856.440317690584,10
1141.1764705882354,5.403441594683858,10
2376.470588235294,2721.942650089739,10
5905.882352941177,3769.2635467986406,10
5694.117647058823,4193.0037105279025,10
2976.470588235294,4675.183406904319,10
2517.6470588235297,2557.1036501976464,10
5058.823529411765,4558.8594913299985,10
1000.0,4.024367999928534,10
1000.0,4.024367999928534,10
1000.0,4.024367999928534,11
1000.0,4.024367999928534,11
1564.7058823529412,16.077058216954605,11
2411.764705882353,18456.944190399423,11
1000.0,4.024367999928534,11
9752.941176470587,53567.99062262667,11
3858.823529411765,4794.209248183667,11
2376.470588235294,2721.942650089739,11
1000.0,4.024367999928534,11
1141.1764705882354,5.403441594683858,11
1000.0,4.024367999928534,11
2270.5882352941176,2971.469793096937,11
5694.117647058823,4193.0037105279025,11
3964.705882352941,2856.440317690584,11
1423.5294117647059,10.32313595314939,11
2235.2941176470586,3937.1749784478748,11
4494.117647058823,4474.943310474937,11
1564.7058823529412,16.077058216954605,11
2552.9411764705883,3666.7927621766567,11
1423.5294117647059,10.32313595314939,11
5552.941176470588,6408.671505177863,11
1423.5294117647059,10.32313595314939,11
7494.117647058823,12271.762132649956,11
1141.1764705882354,5.403441594683858,11
1176.4705882352941,6.003706171897983,11
2482.3529411764703,3820.266342816723,11
1000.0,4.024367999928534,11
2517.6470588235297,2557.1036501976464,11
1000.0,4.024367999928534,11
1000.0,4.024367999928534,11
5941.176470588235,7124.875486464971,11
2305.8823529411766,9236.86194180437,11
2235.2941176470586,3937.1749784478748,12
1141.1764705882354,5.403441594683858,12
2552.9411764705883,3666.7927621766567,12
1423.5294117647059,10.32313595314939,12
2270.5882352941176,2971.469793096937,12
1000.0,4.024367999928534,12
1141.1764705882354,5.403441594683858,12
1035.2941176470588,4.287239254153136,12
2129.4117647058824,763.6194944998597,12
1811.764705882353,70.52151937623691,12
2129.4117647058824,763.6194944998597,12
1352.9411764705883,8.903059564113464,12
1000.0,4.024367999928534,12
1000.0,4.024367999928534,12
1141.1764705882354,5.403441594683858,12
1000.0,4.024367999928534,12
2411.764705882353,18456.944190399423,12
1000.0,4.024367999928534,12
1000.0,4.024367999928534,12
1000.0,4.024367999928534,12
1141.1764705882354,5.403441594683858,12
1000.0,4.024367999928534,12
1000.0,4.024367999928534,12
1000.0,4.024367999928534,12
5694.117647058823,4193.0037105279025,12
3964.705882352941,2856.440317690584,12
2305.8823529411766,9236.86194180437,12
5552.941176470588,6408.671505177863,12
3858.823529411765,4794.209248183667,12
1141.1764705882354,5.403441594683858,12
3294.1176470588234,3000.3187865694604,12
1000.0,4.024367999928534,12
1141.1764705882354,5.403441594683858,13
1141.1764705882354,5.403441594683858,13
3823.529411764706,3639.539311711769,13
1141.1764705882354,5.403441594683858,13
1176.4705882352941,6.003706171897983,13
1000.0,4.024367999928534,13
1282.3529411764707,7.402270579089838,13
1000.0,4.024367999928534,13
1000.0,4.024367999928534,13
2129.4117647058824,763.6194944998597,13
2129.4117647058824,763.6194944998597,13
1000.0,4.024367999928534,13
1000.0,4.024367999928534,13
1141.1764705882354,5.403441594683858,13
1000.0,4.024367999928534,13
3400.0,7103.936324520941,13
1000.0,4.024367999928534,13
1282.3529411764707,7.402270579089838,13
1000.0,4.024367999928534,13
2129.4117647058824,763.6194944998597,13
1000.0,4.024367999928534,13
1000.0,4.024367999928534,13
5941.176470588235,7124.875486464971,13
1000.0,4.024367999928534,13
1000.0,4.024367999928534,13
1000.0,4.024367999928534,13
1035.2941176470588,4.287239254153136,13
3823.529411764706,3639.539311711769,13
1000.0,4.024367999928534,13
1000.0,4.024367999928534,13
1000.0,4.024367999928534,13
1035.2941176470588,4.287239254153136,13
1000.0,4.024367999928534,14
1000.0,4.024367999928534,14
1000.0,4.024367999928534,14
1000.0,4.024367999928534,14
1000.0,4.024367999928534,14
1000.0,4.024367999928534,14
1035.2941176470588,4.287239254153136,14
1000.0,4.024367999928534,14
3435.294117647059,4010.129877080812,14
1000.0,4.024367999928534,14
1564.7058823529412,16.077058216954605,14
3258.823529411765,3749.987407182976,14
1000.0,4.024367999928534,14
1000.0,4.024367999928534,14
1141.1764705882354,5.403441594683858,14
1000.0,4.024367999928534,14
1317.6470588235293,8.33654387199554,14
1000.0,4.024367999928534,14
1000.0,4.024367999928534,14
1000.0,4.024367999928534,14
1000.0,4.024367999928534,14
1141.1764705882354,5.403441594683858,14
1000.0,4.024367999928534,14
1000.0,4.024367999928534,14
1000.0,4.024367999928534,14
1000.0,4.024367999928534,14
1000.0,4.024367999928534,14
1141.1764705882354,5.403441594683858,14
1282.3529411764707,7.402270579089838,14
1000.0,4.024367999928534,14
1000.0,4.024367999928534,14
1035.2941176470588,4.287239254153136,14
1000.0,4.024367999928534,15
1000.0,4.024367999928534,15
1000.0,4.024367999928534,15
1000.0,4.024367999928534,15
1000.0,4.024367999928534,15
1000.0,4.024367999928534,15
1000.0,4.024367999928534,15
1000.0,4.024367999928534,15
1000.0,4.024367999928534,15
1000.0,4.024367999928534,15
1000.0,4.024367999928534,15
1000.0,4.024367999928534,15
1141.1764705882354,5.403441594683858,15
1000.0,4.024367999928534,15
1000.0,4.024367999928534,15
1000.0,4.024367999928534,15
1000.0,4.024367999928534,15
1000.0,4.024367999928534,15
1000.0,4.024367999928534,15
1000.0,4.024367999928534,15
1000.0,4.024367999928534,15
1000.0,4.024367999928534,15
1000.0,4.024367999928534,15
1000.0,4.024367999928534,15
1600.0,19.17751123716993,15
1000.0,4.024367999928534,15
1000.0,4.024367999928534,15
1000.0,4.024367999928534,15
1035.2941176470588,4.287239254153136,15
1000.0,4.024367999928534,15
1000.0,4.024367999928534,15
1000.0,4.024367999928534,15
1000.0,4.024367999928534,16
1000.0,4.024367999928534,16
2129.4117647058824,763.6194944998597,16
1000.0,4.024367999928534,16
1000.0,4.024367999928534,16
1000.0,4.024367999928534,16
1000.0,4.024367999928534,16
1000.0,4.024367999928534,16
1000.0,4.024367999928534,16
1000.0,4.024367999928534,16
1000.0,4.024367999928534,16
1000.0,4.024367999928534,16
1000.0,4.024367999928534,16
1000.0,4.024367999928534,16
1000.0,4.024367999928534,16
1000.0,4.024367999928534,16
1000.0,4.024367999928534,16
5517.64705882353,5880.73257145777,16
1000.0,4.024367999928534,16
1000.0,4.024367999928534,16
1000.0,4.024367999928534,16
1000.0,4.024367999928534,16
1000.0,4.024367999928534,16
1000.0,4.024367999928534,16
1000.0,4.024367999928534,16
1000.0,4.024367999928534,16
1000.0,4.024367999928534,16
1000.0,4.024367999928534,16
1000.0,4.024367999928534,16
1000.0,4.024367999928534,16
1000.0,4.024367999928534,16
1000.0,4.024367999928534,16
1000.0,4.024367999928534,17
1000.0,4.024367999928534,17
1564.7058823529412,16.077058216954605,17
1000.0,4.024367999928534,17
1000.0,4.024367999928534,17
1000.0,4.024367999928534,17
1000.0,4.024367999928534,17
1000.0,4.024367999928534,17
1000.0,4.024367999928534,17
1000.0,4.024367999928534,17
1000.0,4.024367999928534,17
1000.0,4.024367999928534,17
1000.0,4.024367999928534,17
1000.0,4.024367999928534,17
1000.0,4.024367999928534,17
1000.0,4.024367999928534,17
1000.0,4.024367999928534,17
1000.0,4.024367999928534,17
1000.0,4.024367999928534,17
1000.0,4.024367999928534,17
1000.0,4.024367999928534,17
1000.0,4.024367999928534,17
1000.0,4.024367999928534,17
1000.0,4.024367999928534,17
1000.0,4.024367999928534,17
1000.0,4.024367999928534,17
1000.0,4.024367999928534,17
1000.0,4.024367999928534,17
1000.0,4.024367999928534,17
1000.0,4.024367999928534,17
1000.0,4.024367999928534,17
1000.0,4.024367999928534,17
1000.0,4.024367999928534,18
1000.0,4.024367999928534,18
1000.0,4.024367999928534,18
1000.0,4.024367999928534,18
1000.0,4.024367999928534,18
1000.0,4.024367999928534,18
1000.0,4.024367999928534,18
3400.0,7103.936324520941,18
1000.0,4.024367999928534,18
1000.0,4.024367999928534,18
1000.0,4.024367999928534,18
3611.764705882353,13180.01330401197,18
1000.0,4.024367999928534,18
1000.0,4.024367999928534,18
1000.0,4.024367999928534,18
1141.1764705882354,5.403441594683858,18
1000.0,4.024367999928534,18
1000.0,4.024367999928534,18
1000.0,4.024367999928534,18
1000.0,4.024367999928534,18
1000.0,4.024367999928534,18
1000.0,4.024367999928534,18
1000.0,4.024367999928534,18
1000.0,4.024367999928534,18
1000.0,4.024367999928534,18
1000.0,4.024367999928534,18
1000.0,4.024367999928534,18
4388.235294117647,3631.810138858835,18
1000.0,4.024367999928534,18
1000.0,4.024367999928534,18
1000.0,4.024367999928534,18
1600.0,19.17751123716993,18
1000.0,4.024367999928534,19
1000.0,4.024367999928534,19
3400.0,7103.936324520941,19
2976.470588235294,4675.183406904319,19
1000.0,4.024367999928534,19
1000.0,4.024367999928534,19
1000.0,4.024367999928534,19
1000.0,4.024367999928534,19
1000.0,4.024367999928534,19
1000.0,4.024367999928534,19
1000.0,4.024367999928534,19
2341.176470588235,2181.188132708079,19
4388.235294117647,3631.810138858835,19
1000.0,4.024367999928534,19
1000.0,4.024367999928534,19
1000.0,4.024367999928534,19
1317.6470588235293,8.33654387199554,19
1000.0,4.024367999928534,19
1000.0,4.024367999928534,19
1000.0,4.024367999928534,19
1000.0,4.024367999928534,19
1000.0,4.024367999928534,19
1000.0,4.024367999928534,19
1000.0,4.024367999928534,19
1000.0,4.024367999928534,19
1000.0,4.024367999928534,19
1282.3529411764707,7.402270579089838,19
1000.0,4.024367999928534,19
1423.5294117647059,10.32313595314939,19
1000.0,4.024367999928534,19
1000.0,4.024367999928534,19
1000.0,4.024367999928534,19
4388.235294117647,3631.810138858835,19
9152.941176470587,20642.463633808664,19
7458.823529411765,12354.470312940548,19
3152.9411764705883,5710.999886416226,19
2376.470588235294,2721.942650089739,19
2976.470588235294,4675.183406904319,19
2870.5882352941176,5066.8773759367205,19
2905.8823529411766,2498.6713101404835,19
5129.411764705882,5894.749468882863,19
10000.0,42681.152680530286,19
2905.8823529411766,2498.6713101404835,19
3152.9411764705883,5710.999886416226,19
4952.941176470588,7606.4675722958955,19
3329.4117647058824,3386.685900279044,19
4811.764705882353,5570.911555259734,19
4847.058823529412,4130.514365788157,19
7882.35294117647,10299.96451387214,19
4988.235294117647,11187.82036278437,19
9717.64705882353,15168.120341921614,19
4600.0,9432.527202192981,19
2376.470588235294,2721.942650089739,19
6541.176470588235,2940.274372369755,19
7529.411764705882,9715.757478617403,19
7000.0,5839.024519775583,19
3117.6470588235293,5673.342784816511,20
3011.764705882353,5761.1862743814,20
1000.0,4.024367999928534,20
4600.0,9432.527202192981,20
3152.9411764705883,5710.999886416226,20
1000.0,4.024367999928534,20
1000.0,4.024367999928534,20
1000.0,4.024367999928534,20
7000.0,5839.024519775583,20
3329.4117647058824,3386.685900279044,20
1070.5882352941176,4.600656093703514,20
5800.0,6436.084336519459,20
1000.0,4.024367999928534,20
1000.0,4.024367999928534,20
3329.4117647058824,3386.685900279044,20
1000.0,4.024367999928534,20
1000.0,4.024367999928534,20
1000.0,4.024367999928534,20
4988.235294117647,11187.82036278437,20
1000.0,4.024367999928534,20
3329.4117647058824,3386.685900279044,20
1000.0,4.024367999928534,20
1000.0,4.024367999928534,20
1000.0,4.024367999928534,20
1458.8235294117646,11.608861817863442,20
4388.235294117647,3631.810138858835,20
6894.117647058823,5144.776454301287,20
4952.941176470588,7606.4675722958955,20
1000.0,4.024367999928534,20
1000.0,4.024367999928534,20
1000.0,4.024367999928534,20
1000.0,4.024367999928534,20
1070.5882352941176,4.600656093703514,21
1000.0,4.024367999928534,21
1000.0,4.024367999928534,21
1070.5882352941176,4.600656093703514,21
1000.0,4.024367999928534,21
3117.6470588235293,5673.342784816511,21
1000.0,4.024367999928534,21
1000.0,4.024367999928534,21
1000.0,4.024367999928534,21
1000.0,4.024367999928534,21
3258.823529411765,3749.987407182976,21
1070.5882352941176,4.600656093703514,21
1000.0,4.024367999928534,21
3329.4117647058824,3386.685900279044,21
1000.0,4.024367999928534,21
1000.0,4.024367999928534,21
1000.0,4.024367999928534,21
1000.0,4.024367999928534,21
1000.0,4.024367999928534,21
1000.0,4.024367999928534,21
3329.4117647058824,3386.685900279044,21
1000.0,4.024367999928534,21
1000.0,4.024367999928534,21
1000.0,4.024367999928534,21
1176.4705882352941,6.003706171897983,21
1000.0,4.024367999928534,21
1000.0,4.024367999928534,21
1000.0,4.024367999928534,21
1000.0,4.024367999928534,21
6752.941176470588,20412.866009065852,21
1000.0,4.024367999928534,21
1000.0,4.024367999928534,21
1000.0,4.024367999928534,22
1000.0,4.024367999928534,22
1000.0,4.024367999928534,22
1000.0,4.024367999928534,22
1000.0,4.024367999928534,22
1000.0,4.024367999928534,22
1000.0,4.024367999928534,22
1000.0,4.024367999928534,22
1000.0,4.024367999928534,22
1000.0,4.024367999928534,22
1000.0,4.024367999928534,22
1000.0,4.024367999928534,22
2235.2941176470586,3937.1749784478748,22
7776.470588235294,9433.442787504382,22
1000.0,4.024367999928534,22
1000.0,4.024367999928534,22
5517.64705882353,5880.73257145777,22
1000.0,4.024367999928534,22
1035.2941176470588,4.287239254153136,22
1000.0,4.024367999928534,22
2411.764705882353,18456.944190399423,22
1000.0,4.024367999928534,22
1000.0,4.024367999928534,22
1035.2941176470588,4.287239254153136,22
1000.0,4.024367999928534,22
2200.0,2152.6950368630696,22
1000.0,4.024367999928534,22
1000.0,4.024367999928534,22
1000.0,4.024367999928534,22
1000.0,4.024367999928534,22
1000.0,4.024367999928534,22
1000.0,4.024367999928534,22
1000.0,4.024367999928534,23
1000.0,4.024367999928534,23
1000.0,4.024367999928534,23
1000.0,4.024367999928534,23
1000.0,4.024367999928534,23
1000.0,4.024367999928534,23
1000.0,4.024367999928534,23
1000.0,4.024367999928534,23
1000.0,4.024367999928534,23
1000.0,4.024367999928534,23
1000.0,4.024367999928534,23
1070.5882352941176,4.600656093703514,23
1000.0,4.024367999928534,23
5517.64705882353,5880.73257145777,23
1000.0,4.024367999928534,23
1000.0,4.024367999928534,23
1000.0,4.024367999928534,23
1000.0,4.024367999928534,23
1000.0,4.024367999928534,23
1000.0,4.024367999928534,23
1000.0,4.024367999928534,23
1000.0,4.024367999928534,23
1000.0,4.024367999928534,23
1000.0,4.024367999928534,23
1000.0,4.024367999928534,23
1000.0,4.024367999928534,23
3258.823529411765,3749.987407182976,23
1000.0,4.024367999928534,23
1000.0,4.024367999928534,23
1000.0,4.024367999928534,23
1000.0,4.024367999928534,23
1000.0,4.024367999928534,23
1000.0,4.024367999928534,24
1000.0,4.024367999928534,24
1000.0,4.024367999928534,24
1000.0,4.024367999928534,24
1000.0,4.024367999928534,24
1000.0,4.024367999928534,24
1000.0,4.024367999928534,24
1000.0,4.024367999928534,24
3258.823529411765,3749.987407182976,24
1000.0,4.024367999928534,24
1000.0,4.024367999928534,24
1000.0,4.024367999928534,24
1000.0,4.024367999928534,24
1000.0,4.024367999928534,24
1000.0,4.024367999928534,24
1000.0,4.024367999928534,24
1000.0,4.024367999928534,24
1000.0,4.024367999928534,24
2129.4117647058824,763.6194944998597,24
1000.0,4.024367999928534,24
1000.0,4.024367999928534,24
1000.0,4.024367999928534,24
1000.0,4.024367999928534,24
4670.588235294117,6252.198716120089,24
1000.0,4.024367999928534,24
1000.0,4.024367999928534,24
1000.0,4.024367999928534,24
1000.0,4.024367999928534,24
1000.0,4.024367999928534,24
1000.0,4.024367999928534,24
1035.2941176470588,4.287239254153136,24
1000.0,4.024367999928534,24
1000.0,4.024367999928534,25
3258.823529411765,3749.987407182976,25
1000.0,4.024367999928534,25
1035.2941176470588,4.287239254153136,25
1000.0,4.024367999928534,25
1000.0,4.024367999928534,25
1000.0,4.024367999928534,25
1000.0,4.024367999928534,25
1000.0,4.024367999928534,25
1000.0,4.024367999928534,25
1000.0,4.024367999928534,25
1000.0,4.024367999928534,25
1000.0,4.024367999928534,25
1000.0,4.024367999928534,25
1000.0,4.024367999928534,25
1000.0,4.024367999928534,25
1000.0,4.024367999928534,25
1000.0,4.024367999928534,25
1000.0,4.024367999928534,25
1000.0,4.024367999928534,25
3541.176470588235,4092.846328287017,25
1000.0,4.024367999928534,25
1000.0,4.024367999928534,25
1000.0,4.024367999928534,25
1000.0,4.024367999928534,25
1000.0,4.024367999928534,25
1000.0,4.024367999928534,25
1000.0,4.024367999928534,25
1000.0,4.024367999928534,25
1000.0,4.024367999928534,25
1000.0,4.024367999928534,25
1000.0,4.024367999928534,25
1000.0,4.024367999928534,26
1000.0,4.024367999928534,26
1000.0,4.024367999928534,26
1000.0,4.024367999928534,26
1000.0,4.024367999928534,26
1000.0,4.024367999928534,26
1070.5882352941176,4.600656093703514,26
1000.0,4.024367999928534,26
1000.0,4.024367999928534,26
1000.0,4.024367999928534,26
2129.4117647058824,763.6194944998597,26
1000.0,4.024367999928534,26
1000.0,4.024367999928534,26
1000.0,4.024367999928534,26
1000.0,4.024367999928534,26
1000.0,4.024367999928534,26
1000.0,4.024367999928534,26
1000.0,4.024367999928534,26
1000.0,4.024367999928534,26
1000.0,4.024367999928534,26
1000.0,4.024367999928534,26
1000.0,4.024367999928534,26
1000.0,4.024367999928534,26
1000.0,4.024367999928534,26
1000.0,4.024367999928534,26
1000.0,4.024367999928534,26
1000.0,4.024367999928534,26
1000.0,4.024367999928534,26
1000.0,4.024367999928534,26
1000.0,4.024367999928534,26
1000.0,4.024367999928534,26
1000.0,4.024367999928534,26
1000.0,4.024367999928534,27
1000.0,4.024367999928534,27
1000.0,4.024367999928534,27
2129.4117647058824,763.6194944998597,27
1000.0,4.024367999928534,27
1000.0,4.024367999928534,27
1000.0,4.024367999928534,27
1000.0,4.024367999928534,27
1000.0,4.024367999928534,27
1035.2941176470588,4.287239254153136,27
1564.7058823529412,16.077058216954605,27
1000.0,4.024367999928534,27
1000.0,4.024367999928534,27
2129.4117647058824,763.6194944998597,27
7776.470588235294,9433.442787504382,27
1000.0,4.024367999928534,27
1000.0,4.024367999928534,27
1000.0,4.024367999928534,27
1000.0,4.024367999928534,27
1000.0,4.024367999928534,27
1000.0,4.024367999928534,27
1000.0,4.024367999928534,27
1000.0,4.024367999928534,27
1000.0,4.024367999928534,27
1000.0,4.024367999928534,27
1000.0,4.024367999928534,27
1000.0,4.024367999928534,27
1000.0,4.024367999928534,27
1000.0,4.024367999928534,27
1000.0,4.024367999928534,27
1282.3529411764707,7.402270579089838,27
1000.0,4.024367999928534,27
1141.1764705882354,5.403441594683858,28
1000.0,4.024367999928534,28
1000.0,4.024367999928534,28
1000.0,4.024367999928534,28
1000.0,4.024367999928534,28
1000.0,4.024367999928534,28
2129.4117647058824,763.6194944998597,28
1000.0,4.024367999928534,28
1000.0,4.024367999928534,28
1000.0,4.024367999928534,28
1000.0,4.024367999928534,28
1000.0,4.024367999928534,28
1000.0,4.024367999928534,28
1000.0,4.024367999928534,28
1282.3529411764707,7.402270579089838,28
1141.1764705882354,5.403441594683858,28
1000.0,4.024367999928534,28
1000.0,4.024367999928534,28
1000.0,4.024367999928534,28
1000.0,4.024367999928534,28
1000.0,4.024367999928534,28
1000.0,4.024367999928534,28
1000.0,4.024367999928534,28
1000.0,4.024367999928534,28
1000.0,4.024367999928534,28
1000.0,4.024367999928534,28
1035.2941176470588,4.287239254153136,28
1070.5882352941176,4.600656093703514,28
1000.0,4.024367999928534,28
1000.0,4.024367999928534,28
1000.0,4.024367999928534,28
1282.3529411764707,7.402270579089838,28
1000.0,4.024367999928534,29
2129.4117647058824,763.6194944998597,29
3400.0,7103.936324520941,29
1000.0,4.024367999928534,29
1000.0,4.024367999928534,29
1000.0,4.024367999928534,29
1000.0,4.024367999928534,29
1035.2941176470588,4.287239254153136,29
1000.0,4.024367999928534,29
1705.8823529411766,32.436601441682534,29
1000.0,4.024367999928534,29
1000.0,4.024367999928534,29
5517.64705882353,5880.73257145777,29
1000.0,4.024367999928534,29
1000.0,4.024367999928534,29
1000.0,4.024367999928534,29
1000.0,4.024367999928534,29
1000.0,4.024367999928534,29
1000.0,4.024367999928534,29
1070.5882352941176,4.600656093703514,29
1141.1764705882354,5.403441594683858,29
1000.0,4.024367999928534,29
1000.0,4.024367999928534,29
1000.0,4.024367999928534,29
1000.0,4.024367999928534,29
1141.1764705882354,5.403441594683858,29
1000.0,4.024367999928534,29
1000.0,4.024367999928534,29
1000.0,4.024367999928534,29
1000.0,4.024367999928534,29
2164.7058823529414,3183.5470212121677,29
1000.0,4.024367999928534,29
7035.294117647059,4617.706365641019,29
7529.411764705882,9715.757478617403,29
7000.0,5839.024519775583,29
5694.117647058823,4193.0037105279025,29
9047.058823529413,15344.704359485535,29
2164.7058823529414,3183.5470212121677,29
5129.411764705882,5894.749468882863,29
2023.5294117647059,1081.6842073964704,29
7035.294117647059,4617.706365641019,29
4635.2941176470595,7263.585848813367,29
1811.764705882353,70.52151937623691,29
4035.294117647059,4175.4670473287615,29
4105.882352941177,5187.719627818301,29
10000.0,42681.152680530286,29
8729.411764705881,9793.943810125384,29
5658.823529411765,6192.981933757951,29
6364.705882352941,16203.98825387662,29
8376.470588235294,7036.137678802145,29
1105.8823529411766,5.090770460704678,29
6894.117647058823,5144.776454301287,29
8164.705882352941,4345.906000733342,29
4494.117647058823,4474.943310474937,29
6082.35294117647,5763.290095890243,29
1882.3529411764707,157.65128326860662,29
1564.7058823529412,16.077058216954605,30
1458.8235294117646,11.608861817863442,30
1564.7058823529412,16.077058216954605,30
1317.6470588235293,8.33654387199554,30
1000.0,4.024367999928534,30
1000.0,4.024367999928534,30
1564.7058823529412,16.077058216954605,30
5517.64705882353,5880.73257145777,30
1035.2941176470588,4.287239254153136,30
1705.8823529411766,32.436601441682534,30
1000.0,4.024367999928534,30
1000.0,4.024367999928534,30
1000.0,4.024367999928534,30
4494.117647058823,4474.943310474937,30
1000.0,4.024367999928534,30
1000.0,4.024367999928534,30
1847.0588235294117,79.86420305407816,30
1035.2941176470588,4.287239254153136,30
1000.0,4.024367999928534,30
1000.0,4.024367999928534,30
5623.529411764706,6414.584142071431,30
4388.235294117647,3631.810138858835,30
1882.3529411764707,157.65128326860662,30
6082.35294117647,5763.290095890243,30
1070.5882352941176,4.600656093703514,30
1000.0,4.024367999928534,30
1141.1764705882354,5.403441594683858,30
5517.64705882353,5880.73257145777,30
1035.2941176470588,4.287239254153136,30
1070.5882352941176,4.600656093703514,30
1035.2941176470588,4.287239254153136,30
7035.294117647059,4617.706365641019,30
1000.0,4.024367999928534,31
1141.1764705882354,5.403441594683858,31
1000.0,4.024367999928534,31
1000.0,4.024367999928534,31
1000.0,4.024367999928534,31
1564.7058823529412,16.077058216954605,31
1000.0,4.024367999928534,31
1000.0,4.024367999928534,31
1000.0,4.024367999928534,31
1000.0,4.024367999928534,31
1000.0,4.024367999928534,31
1000.0,4.024367999928534,31
1035.2941176470588,4.287239254153136,31
1000.0,4.024367999928534,31
1141.1764705882354,5.403441594683858,31
1035.2941176470588,4.287239254153136,31
1000.0,4.024367999928534,31
1070.5882352941176,4.600656093703514,31
1000.0,4.024367999928534,31
5552.941176470588,6408.671505177863,31
1000.0,4.024367999928534,31
1705.8823529411766,32.436601441682534,31
1035.2941176470588,4.287239254153136,31
5517.64705882353,5880.73257145777,31
1000.0,4.024367999928534,31
1000.0,4.024367999928534,31
1035.2941176470588,4.287239254153136,31
1000.0,4.024367999928534,31
1000.0,4.024367999928534,31
1035.2941176470588,4.287239254153136,31
1000.0,4.024367999928534,31
1035.2941176470588,4.287239254153136,31
1000.0,4.024367999928534,32
1000.0,4.024367999928534,32
1000.0,4.024367999928534,32
1000.0,4.024367999928534,32
1000.0,4.024367999928534,32
1000.0,4.024367999928534,32
1000.0,4.024367999928534,32
1000.0,4.024367999928534,32
1035.2941176470588,4.287239254153136,32
1000.0,4.024367999928534,32
1000.0,4.024367999928534,32
1000.0,4.024367999928534,32
1000.0,4.024367999928534,32
1000.0,4.024367999928534,32
1000.0,4.024367999928534,32
1000.0,4.024367999928534,32
1000.0,4.024367999928534,32
1000.0,4.024367999928534,32
1317.6470588235293,8.33654387199554,32
1000.0,4.024367999928534,32
1670.5882352941176,24.10944973703628,32
1000.0,4.024367999928534,32
1000.0,4.024367999928534,32
1000.0,4.024367999928534,32
1000.0,4.024367999928534,32
1000.0,4.024367999928534,32
1035.2941176470588,4.287239254153136,32
1000.0,4.024367999928534,32
1000.0,4.024367999928534,32
1035.2941176470588,4.287239254153136,32
1000.0,4.024367999928534,32
5658.823529411765,6192.981933757951,32
1000.0,4.024367999928534,33
1000.0,4.024367999928534,33
1000.0,4.024367999928534,33
1000.0,4.024367999928534,33
1000.0,4.024367999928534,33
1035.2941176470588,4.287239254153136,33
1000.0,4.024367999928534,33
1000.0,4.024367999928534,33
1000.0,4.024367999928534,33
1000.0,4.024367999928534,33
1000.0,4.024367999928534,33
1000.0,4.024367999928534,33
1000.0,4.024367999928534,33
1000.0,4.024367999928534,33
1000.0,4.024367999928534,33
1000.0,4.024367999928534,33
1000.0,4.024367999928534,33
1000.0,4.024367999928534,33
1000.0,4.024367999928534,33
1000.0,4.024367999928534,33
1070.5882352941176,4.600656093703514,33
1000.0,4.024367999928534,33
1000.0,4.024367999928534,33
1000.0,4.024367999928534,33
1000.0,4.024367999928534,33
1000.0,4.024367999928534,33
1000.0,4.024367999928534,33
1000.0,4.024367999928534,33
1000.0,4.024367999928534,33
1000.0,4.024367999928534,33
1000.0,4.024367999928534,33
1282.3529411764707,7.402270579089838,33
1000.0,4.024367999928534,34
2129.4117647058824,763.6194944998597,34
5729.411764705882,3378.2601006870145,34
1000.0,4.024367999928534,34
1000.0,4.024367999928534,34
6647.058823529412,16797.334121875585,34
1000.0,4.024367999928534,34
1000.0,4.024367999928534,34
1000.0,4.024367999928534,34
1000.0,4.024367999928534,34
1282.3529411764707,7.402270579089838,34
1141.1764705882354,5.403441594683858,34
1317.6470588235293,8.33654387199554,34
1000.0,4.024367999928534,34
1000.0,4.024367999928534,34
1000.0,4.024367999928534,34
1000.0,4.024367999928534,34
1000.0,4.024367999928534,34
1000.0,4.024367999928534,34
1000.0,4.024367999928534,34
1070.5882352941176,4.600656093703514,34
1000.0,4.024367999928534,34
1000.0,4.024367999928534,34
1000.0,4.024367999928534,34
1000.0,4.024367999928534,34
1000.0,4.024367999928534,34
1000.0,4.024367999928534,34
1000.0,4.024367999928534,34
1000.0,4.024367999928534,34
5517.64705882353,5880.73257145777,34
5588.235294117647,5722.333078558911,34
1000.0,4.024367999928534,34
1000.0,4.024367999928534,35
1000.0,4.024367999928534,35
1070.5882352941176,4.600656093703514,35
1000.0,4.024367999928534,35
1000.0,4.024367999928534,35
2129.4117647058824,763.6194944998597,35
1000.0,4.024367999928534,35
1000.0,4.024367999928534,35
1000.0,4.024367999928534,35
1000.0,4.024367999928534,35
1282.3529411764707,7.402270579089838,35
1282.3529411764707,7.402270579089838,35
1000.0,4.024367999928534,35
1000.0,4.024367999928534,35
1000.0,4.024367999928534,35
1141.1764705882354,5.403441594683858,35
1000.0,4.024367999928534,35
1000.0,4.024367999928534,35
9470.588235294117,22551.533276466056,35
1000.0,4.024367999928534,35
5800.0,6436.084336519459,35
1000.0,4.024367999928534,35
1000.0,4.024367999928534,35
1000.0,4.024367999928534,35
1000.0,4.024367999928534,35
1000.0,4.024367999928534,35
1000.0,4.024367999928534,35
1000.0,4.024367999928534,35
1000.0,4.024367999928534,35
1000.0,4.024367999928534,35
1000.0,4.024367999928534,35
1000.0,4.024367999928534,35
1000.0,4.024367999928534,36
1000.0,4.024367999928534,36
1000.0,4.024367999928534,36
1000.0,4.024367999928534,36
1000.0,4.024367999928534,36
1000.0,4.024367999928534,36
1000.0,4.024367999928534,36
1000.0,4.024367999928534,36
1000.0,4.024367999928534,36
1000.0,4.024367999928534,36
1000.0,4.024367999928534,36
1000.0,4.024367999928534,36
1000.0,4.024367999928534,36
5552.941176470588,6408.671505177863,36
1000.0,4.024367999928534,36
1000.0,4.024367999928534,36
1000.0,4.024367999928534,36
1000.0,4.024367999928534,36
1000.0,4.024367999928534,36
1000.0,4.024367999928534,36
1000.0,4.024367999928534,36
1000.0,4.024367999928534,36
1000.0,4.024367999928534,36
1000.0,4.024367999928534,36
1600.0,19.17751123716993,36
1000.0,4.024367999928534,36
1000.0,4.024367999928534,36
1000.0,4.024367999928534,36
1000.0,4.024367999928534,36
1000.0,4.024367999928534,36
1000.0,4.024367999928534,36
1000.0,4.024367999928534,36
1000.0,4.024367999928534,37
1000.0,4.024367999928534,37
1000.0,4.024367999928534,37
1000.0,4.024367999928534,37
1000.0,4.024367999928534,37
1000.0,4.024367999928534,37
1000.0,4.024367999928534,37
1000.0,4.024367999928534,37
1000.0,4.024367999928534,37
1000.0,4.024367999928534,37
1035.2941176470588,4.287239254153136,37
1000.0,4.024367999928534,37
1000.0,4.024367999928534,37
1000.0,4.024367999928534,37
1141.1764705882354,5.403441594683858,37
1000.0,4.024367999928534,37
1000.0,4.024367999928534,37
1000.0,4.024367999928534,37
1000.0,4.024367999928534,37
1000.0,4.024367999928534,37
1000.0,4.024367999928534,37
1000.0,4.024367999928534,37
3258.823529411765,3749.987407182976,37
1000.0,4.024367999928534,37
1000.0,4.024367999928534,37
1000.0,4.024367999928534,37
1000.0,4.024367999928534,37
1000.0,4.024367999928534,37
1000.0,4.024367999928534,37
1000.0,4.024367999928534,37
2270.5882352941176,2971.469793096937,37
1000.0,4.024367999928534,37
1000.0,4.024367999928534,38
1000.0,4.024367999928534,38
1000.0,4.024367999928534,38
1000.0,4.024367999928534,38
1000.0,4.024367999928534,38
1000.0,4.024367999928534,38
1070.5882352941176,4.600656093703514,38
1141.1764705882354,5.403441594683858,38
1000.0,4.024367999928534,38
1000.0,4.024367999928534,38
1000.0,4.024367999928534,38
1000.0,4.024367999928534,38
6647.058823529412,16797.334121875585,38
1000.0,4.024367999928534,38
1000.0,4.024367999928534,38
1000.0,4.024367999928534,38
1000.0,4.024367999928534,38
1000.0,4.024367999928534,38
1000.0,4.024367999928534,38
1000.0,4.024367999928534,38
1000.0,4.024367999928534,38
1000.0,4.024367999928534,38
1000.0,4.024367999928534,38
1000.0,4.024367999928534,38
1000.0,4.024367999928534,38
1000.0,4.024367999928534,38
1000.0,4.024367999928534,38
1000.0,4.024367999928534,38
1000.0,4.024367999928534,38
1000.0,4.024367999928534,38
1000.0,4.024367999928534,38
1000.0,4.024367999928534,38
1000.0,4.024367999928534,39
2129.4117647058824,763.6194944998597,39
1000.0,4.024367999928534,39
1000.0,4.024367999928534,39
1000.0,4.024367999928534,39
1070.5882352941176,4.600656093703514,39
1000.0,4.024367999928534,39
1000.0,4.024367999928534,39
1282.3529411764707,7.402270579089838,39
1000.0,4.024367999928534,39
5517.64705882353,5880.73257145777,39
1000.0,4.024367999928534,39
1000.0,4.024367999928534,39
1000.0,4.024367999928534,39
1000.0,4.024367999928534,39
1000.0,4.024367999928534,39
1000.0,4.024367999928534,39
1000.0,4.024367999928534,39
1000.0,4.024367999928534,39
1000.0,4.024367999928534,39
1000.0,4.024367999928534,39
1000.0,4.024367999928534,39
1000.0,4.024367999928534,39
1000.0,4.024367999928534,39
1000.0,4.024367999928534,39
2552.9411764705883,3666.7927621766567,39
1000.0,4.024367999928534,39
1000.0,4.024367999928534,39
1000.0,4.024367999928534,39
1000.0,4.024367999928534,39
1000.0,4.024367999928534,39
1000.0,4.024367999928534,39
1423.5294117647059,10.32313595314939,39
4988.235294117647,11187.82036278437,39
6047.058823529412,3411.53353435852,39
4600.0,9432.527202192981,39
9294.117647058823,16495.11685446395,39
8976.470588235294,20263.22137475815,39
1247.0588235294117,7.06393284717269,39
6188.235294117647,4166.999191365108,39
8870.588235294119,10224.40556987514,39
5305.882352941177,17335.414307248317,39
7529.411764705882,9715.757478617403,39
5870.588235294118,5543.993951148952,39
3258.823529411765,3749.987407182976,39
8941.176470588234,9329.653557746104,39
1176.4705882352941,6.003706171897983,39
4388.235294117647,3631.810138858835,39
4247.058823529412,4912.780801222977,39
6329.411764705882,8629.298507420533,39
5341.176470588235,3747.1569393908558,39
2023.5294117647059,1081.6842073964704,39
3188.235294117647,10173.785431097429,39
4105.882352941177,5187.719627818301,39
3717.6470588235293,5328.4697488022775,39
7811.764705882353,6564.052718398953,39
2129.4117647058824,763.6194944998597,40
3258.823529411765,3749.987407182976,40
2023.5294117647059,1081.6842073964704,40
5870.588235294118,5543.993951148952,40
4282.35294117647,14209.282388432788,40
1988.235294117647,586.199934428244,40
1494.1176470588234,13.036940127555923,40
5552.941176470588,6408.671505177863,40
1000.0,4.024367999928534,40
1000.0,4.024367999928534,40
1000.0,4.024367999928534,40
1000.0,4.024367999928534,40
7811.764705882353,6564.052718398953,40
6329.411764705882,8629.298507420533,40
1000.0,4.024367999928534,40
1000.0,4.024367999928534,40
6047.058823529412,3411.53353435852,40
6047.058823529412,3411.53353435852,40
1000.0,4.024367999928534,40
4388.235294117647,3631.810138858835,40
5764.705882352941,5378.019666605698,40
8094.117647058823,4411.224709732295,40
5235.294117647059,4354.230706203682,40
1105.8823529411766,5.090770460704678,40
1000.0,4.024367999928534,40
1000.0,4.024367999928534,40
2129.4117647058824,763.6194944998597,40
1000.0,4.024367999928534,40
1141.1764705882354,5.403441594683858,40
1529.4117647058824,15.18212875754495,40
1000.0,4.024367999928534,40
1000.0,4.024367999928534,40
1000.0,4.024367999928534,41
1000.0,4.024367999928534,41
5517.64705882353,5880.73257145777,41
1000.0,4.024367999928534,41
1141.1764705882354,5.403441594683858,41
1282.3529411764707,7.402270579089838,41
1000.0,4.024367999928534,41
1000.0,4.024367999928534,41
1070.5882352941176,4.600656093703514,41
1035.2941176470588,4.287239254153136,41
1105.8823529411766,5.090770460704678,41
1000.0,4.024367999928534,41
1000.0,4.024367999928534,41
5235.294117647059,4354.230706203682,41
1247.0588235294117,7.06393284717269,41
1282.3529411764707,7.402270579089838,41
1000.0,4.024367999928534,41
2129.4117647058824,763.6194944998597,41
1000.0,4.024367999928534,41
1494.1176470588234,13.036940127555923,41
5764.705882352941,5378.019666605698,41
1529.4117647058824,15.18212875754495,41
1000.0,4.024367999928534,41
1000.0,4.024367999928534,41
3258.823529411765,3749.987407182976,41
1105.8823529411766,5.090770460704678,41
4388.235294117647,3631.810138858835,41
1529.4117647058824,15.18212875754495,41
1282.3529411764707,7.402270579089838,41
5870.588235294118,5543.993951148952,41
1000.0,4.024367999928534,41
2129.4117647058824,763.6194944998597,41
3788.235294117647,52218.63785781927,42
1035.2941176470588,4.287239254153136,42
1564.7058823529412,16.077058216954605,42
4388.235294117647,3631.810138858835,42
1000.0,4.024367999928534,42
1000.0,4.024367999928534,42
1000.0,4.024367999928534,42
4388.235294117647,3631.810138858835,42
1070.5882352941176,4.600656093703514,42
2023.5294117647059,1081.6842073964704,42
1070.5882352941176,4.600656093703514,42
1035.2941176470588,4.287239254153136,42
1000.0,4.024367999928534,42
1141.1764705882354,5.403441594683858,42
1000.0,4.024367999928534,42
1000.0,4.024367999928534,42
1670.5882352941176,24.10944973703628,42
1000.0,4.024367999928534,42
1000.0,4.024367999928534,42
1035.2941176470588,4.287239254153136,42
1000.0,4.024367999928534,42
1000.0,4.024367999928534,42
4388.235294117647,3631.810138858835,42
1000.0,4.024367999928534,42
1105.8823529411766,5.090770460704678,42
3364.705882352941,20069.8523906389,42
1000.0,4.024367999928534,42
1000.0,4.024367999928534,42
1070.5882352941176,4.600656093703514,42
3258.823529411765,3749.987407182976,42
1000.0,4.024367999928534,42
1000.0,4.024367999928534,42
1035.2941176470588,4.287239254153136,43
1000.0,4.024367999928534,43
1000.0,4.024367999928534,43
1000.0,4.024367999928534,43
1000.0,4.024367999928534,43
1141.1764705882354,5.403441594683858,43
1000.0,4.024367999928534,43
1000.0,4.024367999928534,43
1035.2941176470588,4.287239254153136,43
1000.0,4.024367999928534,43
1000.0,4.024367999928534,43
1070.5882352941176,4.600656093703514,43
4388.235294117647,3631.810138858835,43
1000.0,4.024367999928534,43
2129.4117647058824,763.6194944998597,43
1000.0,4.024367999928534,43
1000.0,4.024367999928534,43
1000.0,4.024367999928534,43
1000.0,4.024367999928534,43
1000.0,4.024367999928534,43
1000.0,4.024367999928534,43
1000.0,4.024367999928534,43
1000.0,4.024367999928534,43
1000.0,4.024367999928534,43
1000.0,4.024367999928534,43
3258.823529411765,3749.987407182976,43
1564.7058823529412,16.077058216954605,43
1000.0,4.024367999928534,43
1564.7058823529412,16.077058216954605,43
1141.1764705882354,5.403441594683858,43
6082.35294117647,5763.290095890243,43
1000.0,4.024367999928534,43
1000.0,4.024367999928534,44
1000.0,4.024367999928534,44
1000.0,4.024367999928534,44
1000.0,4.024367999928534,44
1000.0,4.024367999928534,44
1000.0,4.024367999928534,44
1705.8823529411766,32.436601441682534,44
1141.1764705882354,5.403441594683858,44
1000.0,4.024367999928534,44
1000.0,4.024367999928534,44
1000.0,4.024367999928534,44
1000.0,4.024367999928534,44
1141.1764705882354,5.403441594683858,44
1000.0,4.024367999928534,44
1000.0,4.024367999928534,44
1035.2941176470588,4.287239254153136,44
1000.0,4.024367999928534,44
5517.64705882353,5880.73257145777,44
1000.0,4.024367999928534,44
1000.0,4.024367999928534,44
1000.0,4.024367999928534,44
1000.0,4.024367999928534,44
1000.0,4.024367999928534,44
1000.0,4.024367999928534,44
1000.0,4.024367999928534,44
1000.0,4.024367999928534,44
1000.0,4.024367999928534,44
1000.0,4.024367999928534,44
1000.0,4.024367999928534,44
1000.0,4.024367999928534,44
1000.0,4.024367999928534,44
1000.0,4.024367999928534,44
1000.0,4.024367999928534,45
1000.0,4.024367999928534,45
1000.0,4.024367999928534,45
1000.0,4.024367999928534,45
1000.0,4.024367999928534,45
1000.0,4.024367999928534,45
1000.0,4.024367999928534,45
1000.0,4.024367999928534,45
1000.0,4.024367999928534,45
5800.0,6436.084336519459,45
1000.0,4.024367999928534,45
1282.3529411764707,7.402270579089838,45
1000.0,4.024367999928534,45
1000.0,4.024367999928534,45
1000.0,4.024367999928534,45
1000.0,4.024367999928534,45
1000.0,4.024367999928534,45
1000.0,4.024367999928534,45
1000.0,4.024367999928534,45
1000.0,4.024367999928534,45
1000.0,4.024367999928534,45
1000.0,4.024367999928534,45
1000.0,4.024367999928534,45
1035.2941176470588,4.287239254153136,45
1000.0,4.024367999928534,45
1000.0,4.024367999928534,45
1000.0,4.024367999928534,45
1000.0,4.024367999928534,45
1000.0,4.024367999928534,45
1000.0,4.024367999928534,45
1000.0,4.024367999928534,45
1000.0,4.024367999928534,45
1000.0,4.024367999928534,46
1000.0,4.024367999928534,46
1000.0,4.024367999928534,46
1000.0,4.024367999928534,46
1000.0,4.024367999928534,46
1000.0,4.024367999928534,46
5517.64705882353,5880.73257145777,46
1000.0,4.024367999928534,46
1000.0,4.024367999928534,46
7211.764705882353,18432.590692767222,46
1000.0,4.024367999928534,46
1000.0,4.024367999928534,46
5694.117647058823,4193.0037105279025,46
1000.0,4.024367999928534,46
1035.2941176470588,4.287239254153136,46
1000.0,4.024367999928534,46
1000.0,4.024367999928534,46
1000.0,4.024367999928534,46
1000.0,4.024367999928534,46
1564.7058823529412,16.077058216954605,46
1000.0,4.024367999928534,46
1000.0,4.024367999928534,46
1000.0,4.024367999928534,46
1000.0,4.024367999928534,46
1000.0,4.024367999928534,46
1000.0,4.024367999928534,46
1000.0,4.024367999928534,46
1000.0,4.024367999928534,46
1000.0,4.024367999928534,46
1000.0,4.024367999928534,46
1000.0,4.024367999928534,46
1000.0,4.024367999928534,46
1000.0,4.024367999928534,47
1000.0,4.024367999928534,47
1000.0,4.024367999928534,47
1000.0,4.024367999928534,47
1000.0,4.024367999928534,47
1000.0,4.024367999928534,47
2411.764705882353,18456.944190399423,47
1000.0,4.024367999928534,47
1000.0,4.024367999928534,47
6647.058823529412,16797.334121875585,47
1000.0,4.024367999928534,47
1000.0,4.024367999928534,47
1000.0,4.024367999928534,47
1000.0,4.024367999928534,47
1000.0,4.024367999928534,47
1000.0,4.024367999928534,47
1600.0,19.17751123716993,47
1000.0,4.024367999928534,47
1000.0,4.024367999928534,47
1000.0,4.024367999928534,47
1000.0,4.024367999928534,47
1000.0,4.024367999928534,47
1000.0,4.024367999928534,47
1000.0,4.024367999928534,47
1000.0,4.024367999928534,47
1000.0,4.024367999928534,47
1000.0,4.024367999928534,47
3258.823529411765,3749.987407182976,47
1000.0,4.024367999928534,47
1000.0,4.024367999928534,47
1317.6470588235293,8.33654387199554,47
1000.0,4.024367999928534,47
1000.0,4.024367999928534,48
1000.0,4.024367999928534,48
1000.0,4.024367999928534,48
1000.0,4.024367999928534,48
1000.0,4.024367999928534,48
1000.0,4.024367999928534,48
1000.0,4.024367999928534,48
3258.823529411765,3749.987407182976,48
1000.0,4.024367999928534,48
1000.0,4.024367999928534,48
1000.0,4.024367999928534,48
1000.0,4.024367999928534,48
3576.470588235294,4759.600201608519,48
1000.0,4.024367999928534,48
1000.0,4.024367999928534,48
3258.823529411765,3749.987407182976,48
1000.0,4.024367999928534,48
1000.0,4.024367999928534,48
1000.0,4.024367999928534,48
1000.0,4.024367999928534,48
1000.0,4.024367999928534,48
1000.0,4.024367999928534,48
1000.0,4.024367999928534,48
1000.0,4.024367999928534,48
1000.0,4.024367999928534,48
1000.0,4.024367999928534,48
1000.0,4.024367999928534,48
1564.7058823529412,16.077058216954605,48
5658.823529411765,6192.981933757951,48
1000.0,4.024367999928534,48
1000.0,4.024367999928534,48
1000.0,4.024367999928534,48
1000.0,4.024367999928534,49
1000.0,4.024367999928534,49
1000.0,4.024367999928534,49
1000.0,4.024367999928534,49
1000.0,4.024367999928534,49
1000.0,4.024367999928534,49
1000.0,4.024367999928534,49
1000.0,4.024367999928534,49
1000.0,4.024367999928534,49
1000.0,4.024367999928534,49
1000.0,4.024367999928534,49
1000.0,4.024367999928534,49
1000.0,4.024367999928534,49
1000.0,4.024367999928534,49
1000.0,4.024367999928534,49
1000.0,4.024367999928534,49
1000.0,4.024367999928534,49
1000.0,4.024367999928534,49
1000.0,4.024367999928534,49
1000.0,4.024367999928534,49
1000.0,4.024367999928534,49
1000.0,4.024367999928534,49
1000.0,4.024367999928534,49
1000.0,4.024367999928534,49
1000.0,4.024367999928534,49
1000.0,4.024367999928534,49
4105.882352941177,5187.719627818301,49
1211.764705882353,6.419524746295973,49
1000.0,4.024367999928534,49
1000.0,4.024367999928534,49
1000.0,4.024367999928534,49
1000.0,4.024367999928534,49
1247.0588235294117,7.06393284717269,49
2376.470588235294,2721.942650089739,49
7670.588235294118,28954.069404523347,49
6152.941176470588,26543.02020995744,49
1776.4705882352941,47.7292363910789,49
9223.529411764706,14466.511220378849,49
7952.941176470588,19900.411781300994,49
4811.764705882353,5570.911555259734,49
7529.411764705882,9715.757478617403,49
5588.235294117647,5722.333078558911,49
2694.1176470588234,3149.1524876240696,49
2800.0,9348.002107451888,49
5976.470588235294,9888.580620369214,49
9894.117647058823,35559.47161942311,49
5376.470588235294,8649.913336627578,49
1741.1764705882351,39.15672998093814,49
4917.64705882353,7284.46684667916,49
6964.705882352941,6956.679079994857,49
4141.176470588235,5928.93509108862,49
4705.882352941177,4442.414197701395,49
3858.823529411765,4794.209248183667,49
9329.411764705883,20009.134363178167,49
2411.764705882353,18456.944190399423,49
10000.0,42681.152680530286,49
6082.35294117647,5763.290095890243,50
1211.764705882353,6.419524746295973,50
1000.0,4.024367999928534,50
1000.0,4.024367999928534,50
1000.0,4.024367999928534,50
1000.0,4.024367999928534,50
1000.0,4.024367999928534,50
5376.470588235294,8649.913336627578,50
1070.5882352941176,4.600656093703514,50
1705.8823529411766,32.436601441682534,50
1000.0,4.024367999928534,50
1000.0,4.024367999928534,50
4811.764705882353,5570.911555259734,50
1564.7058823529412,16.077058216954605,50
2694.1176470588234,3149.1524876240696,50
9329.411764705883,20009.134363178167,50
1247.0588235294117,7.06393284717269,50
2129.4117647058824,763.6194944998597,50
7952.941176470588,19900.411781300994,50
1776.4705882352941,47.7292363910789,50
1000.0,4.024367999928534,50
6894.117647058823,5144.776454301287,50
3682.3529411764707,16932.98832388289,50
2129.4117647058824,763.6194944998597,50
1070.5882352941176,4.600656093703514,50
1705.8823529411766,32.436601441682534,50
1670.5882352941176,24.10944973703628,50
5658.823529411765,6192.981933757951,50
1000.0,4.024367999928534,50
1000.0,4.024367999928534,50
2129.4117647058824,763.6194944998597,50
1670.5882352941176,24.10944973703628,50
1000.0,4.024367999928534,51
1670.5882352941176,24.10944973703628,51
1000.0,4.024367999928534,51
1000.0,4.024367999928534,51
1705.8823529411766,32.436601441682534,51
5235.294117647059,4354.230706203682,51
1000.0,4.024367999928534,51
1211.764705882353,6.419524746295973,51
6082.35294117647,5763.290095890243,51
1105.8823529411766,5.090770460704678,51
1000.0,4.024367999928534,51
6647.058823529412,16797.334121875585,51
1000.0,4.024367999928534,51
1070.5882352941176,4.600656093703514,51
3823.529411764706,3639.539311711769,51
1000.0,4.024367999928534,51
6294.117647058823,19287.884340208187,51
1000.0,4.024367999928534,51
1000.0,4.024367999928534,51
1000.0,4.024367999928534,51
1070.5882352941176,4.600656093703514,51
1670.5882352941176,24.10944973703628,51
1000.0,4.024367999928534,51
1070.5882352941176,4.600656093703514,51
1070.5882352941176,4.600656093703514,51
1247.0588235294117,7.06393284717269,51
1000.0,4.024367999928534,51
1000.0,4.024367999928534,51
1635.2941176470588,21.593004718589807,51
1811.764705882353,70.52151937623691,51
1000.0,4.024367999928534,51
2129.4117647058824,763.6194944998597,51
1000.0,4.024367999928534,52
1670.5882352941176,24.10944973703628,52
1000.0,4.024367999928534,52
1000.0,4.024367999928534,52
1000.0,4.024367999928534,52
1070.5882352941176,4.600656093703514,52
1000.0,4.024367999928534,52
1705.8823529411766,32.436601441682534,52
1070.5882352941176,4.600656093703514,52
1141.1764705882354,5.403441594683858,52
1000.0,4.024367999928534,52
1000.0,4.024367999928534,52
1070.5882352941176,4.600656093703514,52
1105.8823529411766,5.090770460704678,52
2411.764705882353,18456.944190399423,52
1000.0,4.024367999928534,52
4423.529411764706,8251.896897636861,52
1000.0,4.024367999928534,52
1000.0,4.024367999928534,52
1000.0,4.024367999928534,52
1176.4705882352941,6.003706171897983,52
1070.5882352941176,4.600656093703514,52
1000.0,4.024367999928534,52
3258.823529411765,3749.987407182976,52
1000.0,4.024367999928534,52
1000.0,4.024367999928534,52
1000.0,4.024367999928534,52
2129.4117647058824,763.6194944998597,52
1000.0,4.024367999928534,52
1000.0,4.024367999928534,52
2129.4117647058824,763.6194944998597,52
4105.882352941177,5187.719627818301,52
1741.1764705882351,39.15672998093814,53
1105.8823529411766,5.090770460704678,53
1000.0,4.024367999928534,53
1070.5882352941176,4.600656093703514,53
1000.0,4.024367999928534,53
1000.0,4.024367999928534,53
1000.0,4.024367999928534,53
1070.5882352941176,4.600656093703514,53
1000.0,4.024367999928534,53
5517.64705882353,5880.73257145777,53
1000.0,4.024367999928534,53
1705.8823529411766,32.436601441682534,53
1000.0,4.024367999928534,53
1000.0,4.024367999928534,53
1000.0,4.024367999928534,53
1000.0,4.024367999928534,53
1070.5882352941176,4.600656093703514,53
1000.0,4.024367999928534,53
1000.0,4.024367999928534,53
1000.0,4.024367999928534,53
1070.5882352941176,4.600656093703514,53
1000.0,4.024367999928534,53
1000.0,4.024367999928534,53
1000.0,4.024367999928534,53
1070.5882352941176,4.600656093703514,53
1000.0,4.024367999928534,53
1000.0,4.024367999928534,53
1670.5882352941176,24.10944973703628,53
1000.0,4.024367999928534,53
1070.5882352941176,4.600656093703514,53
1000.0,4.024367999928534,53
5517.64705882353,5880.73257145777,53
